food_name,calories_kcal,carbs_g,protein_g,fat_g,fiber_g,glycemic_index,serving_size_g,unit
idli_1,31,6.23,1.12,-0.31,0.44,67,30,1 piece (~30g)
dosa_1,119,17.88,3.47,4.59,0.32,81,60,1 medium dosa
roti_1,69,15.41,2.85,-0.23,1.37,61,30,1 roti (~30g)
rice_1,133,28.63,2.88,-0.66,0.08,69,100,1 katori (100g cooked)
dal_1,130,14.22,6.98,2.65,3.19,41,150,1 katori (150ml)
paneer_1,268,1.74,18.29,20.49,0.0,14,100,100g
banana_1,79,21.8,0.77,0.74,1.74,52,100,1 medium banana
apple_1,58,15.71,0.93,0.15,3.16,38,130,1 medium apple
chicken_curry_1,234,7.85,21.12,13.24,1.62,21,200,1 bowl (200g)
egg_1,69,-0.23,6.21,5.62,0.74,0,50,1 boiled egg
idli_2,32,8.67,1.15,0.56,0.15,71,30,1 piece (~30g)
dosa_2,113,19.4,3.24,3.35,0.0,79,60,1 medium dosa
roti_2,61,16.22,2.34,-0.33,0.64,67,30,1 roti (~30g)
rice_2,139,27.01,3.12,0.16,1.34,78,100,1 katori (100g cooked)
dal_2,119,17.38,6.08,3.9,2.43,46,150,1 katori (150ml)
paneer_2,261,1.78,17.1,19.46,0.74,5,100,100g
banana_2,92,22.13,0.84,0.29,2.91,50,100,1 medium banana
apple_2,57,15.4,-0.14,-0.64,3.39,37,130,1 medium apple
chicken_curry_2,240,8.36,21.68,14.73,0.35,23,200,1 bowl (200g)
egg_2,88,-0.7,6.38,4.54,0.16,2,50,1 boiled egg
idli_3,35,8.18,0.58,-0.3,0.0,65,30,1 piece (~30g)
dosa_3,128,17.9,2.92,3.41,0.93,73,60,1 medium dosa
roti_3,69,13.28,2.79,1.06,1.08,65,30,1 roti (~30g)
rice_3,139,29.61,2.04,-0.04,0.85,78,100,1 katori (100g cooked)
dal_3,119,16.09,6.17,3.34,3.65,42,150,1 katori (150ml)
paneer_3,267,2.29,17.02,19.29,0.0,5,100,100g
banana_3,89,22.55,1.07,1.21,3.45,56,100,1 medium banana
apple_3,52,13.08,0.46,-0.26,2.97,39,130,1 medium apple
chicken_curry_3,238,7.58,22.87,14.34,0.54,20,200,1 bowl (200g)
egg_3,88,-0.29,6.45,5.4,0.11,0,50,1 boiled egg
idli_4,42,6.19,1.26,0.23,0.51,73,30,1 piece (~30g)
dosa_4,118,19.88,3.52,3.99,0.41,82,60,1 medium dosa
roti_4,81,15.39,2.36,1.24,1.44,66,30,1 roti (~30g)
rice_4,123,26.48,2.28,0.52,0.79,77,100,1 katori (100g cooked)
dal_4,112,16.7,6.79,2.09,3.35,38,150,1 katori (150ml)
paneer_4,267,1.43,17.61,19.98,0.22,8,100,100g
banana_4,98,23.0,1.39,0.04,1.69,53,100,1 medium banana
apple_4,50,15.2,1.01,1.18,2.21,37,130,1 medium apple
chicken_curry_4,241,6.99,21.94,14.77,1.86,23,200,1 bowl (200g)
egg_4,88,2.43,6.45,5.32,0.0,5,50,1 boiled egg
idli_5,45,6.71,1.37,-0.5,0.0,64,30,1 piece (~30g)
dosa_5,117,17.17,2.04,3.04,1.42,72,60,1 medium dosa
roti_5,74,16.82,2.69,1.27,0.77,60,30,1 roti (~30g)
rice_5,131,26.75,2.32,-0.41,0.55,72,100,1 katori (100g cooked)
dal_5,129,17.64,6.29,3.04,2.86,42,150,1 katori (150ml)
paneer_5,268,2.77,18.69,19.92,0.0,5,100,100g
banana_5,98,24.53,1.5,-0.18,2.81,48,100,1 medium banana
apple_5,48,13.95,0.07,-0.54,1.87,38,130,1 medium apple
chicken_curry_5,250,7.96,22.22,14.94,0.81,18,200,1 bowl (200g)
egg_5,83,1.58,5.64,5.41,0.0,0,50,1 boiled egg
idli_6,30,8.46,1.94,0.64,0.0,71,30,1 piece (~30g)
dosa_6,129,19.62,2.13,4.48,0.45,73,60,1 medium dosa
roti_6,75,16.32,2.49,-0.23,1.58,66,30,1 roti (~30g)
rice_6,126,29.1,3.1,0.33,0.0,75,100,1 katori (100g cooked)
dal_6,122,17.42,6.8,2.16,2.7,39,150,1 katori (150ml)
paneer_6,273,1.25,17.86,19.26,0.0,12,100,100g
banana_6,91,21.09,1.94,0.61,1.68,47,100,1 medium banana
apple_6,61,12.32,-0.23,0.69,3.14,34,130,1 medium apple
chicken_curry_6,243,7.02,22.76,13.13,1.91,17,200,1 bowl (200g)
egg_6,75,0.1,5.13,5.7,0.0,1,50,1 boiled egg
idli_7,49,8.55,1.84,-0.74,0.55,68,30,1 piece (~30g)
dosa_7,117,17.46,2.45,3.82,0.0,74,60,1 medium dosa
roti_7,80,13.47,1.72,-0.57,0.62,58,30,1 roti (~30g)
rice_7,134,26.38,1.9,-0.07,0.97,73,100,1 katori (100g cooked)
dal_7,119,17.78,6.34,3.63,3.24,43,150,1 katori (150ml)
paneer_7,256,4.59,17.38,20.76,0.07,8,100,100g
banana_7,87,23.17,0.74,0.43,3.12,50,100,1 medium banana
apple_7,58,12.37,0.96,0.35,1.44,41,130,1 medium apple
chicken_curry_7,250,7.61,21.92,13.25,0.17,20,200,1 bowl (200g)
egg_7,83,1.91,6.36,5.04,0.0,4,50,1 boiled egg
idli_8,38,7.61,1.81,0.68,0.13,72,30,1 piece (~30g)
dosa_8,120,17.66,3.19,3.61,0.0,77,60,1 medium dosa
roti_8,81,13.54,3.23,0.91,1.03,60,30,1 roti (~30g)
rice_8,127,26.42,2.01,-0.05,0.06,71,100,1 katori (100g cooked)
dal_8,117,17.02,6.78,2.79,2.36,43,150,1 katori (150ml)
paneer_8,264,4.12,17.05,19.54,0.0,15,100,100g
banana_8,99,22.76,0.76,0.01,3.0,52,100,1 medium banana
apple_8,48,13.69,0.18,-0.38,2.67,40,130,1 medium apple
chicken_curry_8,241,7.03,21.35,14.98,0.93,18,200,1 bowl (200g)
egg_8,79,2.34,6.52,4.26,0.47,0,50,1 boiled egg
idli_9,47,7.89,2.17,0.76,0.67,70,30,1 piece (~30g)
dosa_9,117,16.82,2.84,3.15,0.0,73,60,1 medium dosa
roti_9,61,14.18,1.71,0.68,1.57,65,30,1 roti (~30g)
rice_9,135,26.41,3.39,0.22,0.43,76,100,1 katori (100g cooked)
dal_9,111,15.57,6.8,3.79,2.81,42,150,1 katori (150ml)
paneer_9,272,3.56,17.64,20.23,0.59,9,100,100g
banana_9,79,21.06,0.6,0.34,3.03,46,100,1 medium banana
apple_9,44,15.72,-0.22,0.79,1.42,37,130,1 medium apple
chicken_curry_9,235,8.55,21.31,14.41,1.39,21,200,1 bowl (200g)
egg_9,76,-0.86,5.66,5.74,0.05,0,50,1 boiled egg
idli_10,46,8.65,1.92,-0.1,1.17,66,30,1 piece (~30g)
dosa_10,123,18.86,3.77,4.72,1.01,79,60,1 medium dosa
roti_10,64,16.37,1.65,0.0,2.01,60,30,1 roti (~30g)
rice_10,129,26.53,1.88,1.02,0.0,76,100,1 katori (100g cooked)
dal_10,127,17.74,7.15,2.69,2.95,47,150,1 katori (150ml)
paneer_10,266,4.74,18.56,20.77,0.0,15,100,100g
banana_10,83,23.5,0.73,-0.41,2.78,52,100,1 medium banana
apple_10,46,12.37,0.46,-0.12,1.85,36,130,1 medium apple
chicken_curry_10,244,7.88,21.7,14.99,1.49,20,200,1 bowl (200g)
egg_10,73,2.01,6.85,4.17,0.13,1,50,1 boiled egg
idli_11,38,9.49,2.2,0.97,1.02,67,30,1 piece (~30g)
dosa_11,117,17.03,2.59,4.25,1.17,72,60,1 medium dosa
roti_11,65,15.69,2.68,0.24,1.08,59,30,1 roti (~30g)
rice_11,130,27.61,3.43,-0.56,0.89,72,100,1 katori (100g cooked)
dal_11,112,14.41,7.91,2.76,3.67,41,150,1 katori (150ml)
paneer_11,271,4.51,17.09,19.14,0.52,12,100,100g
banana_11,81,23.6,1.04,0.52,1.94,54,100,1 medium banana
apple_11,55,14.77,0.22,1.04,3.32,35,130,1 medium apple
chicken_curry_11,235,6.27,21.69,13.59,0.55,18,200,1 bowl (200g)
egg_11,87,2.6,6.98,4.63,0.87,0,50,1 boiled egg
idli_12,45,7.48,1.47,-0.78,0.0,71,30,1 piece (~30g)
dosa_12,118,18.05,3.79,3.77,0.08,72,60,1 medium dosa
roti_12,72,14.61,2.27,-0.14,1.38,60,30,1 roti (~30g)
rice_12,129,29.61,3.31,0.85,0.03,76,100,1 katori (100g cooked)
dal_12,110,14.67,6.48,3.78,4.0,37,150,1 katori (150ml)
paneer_12,273,4.19,17.81,20.28,0.59,12,100,100g
banana_12,85,24.31,0.12,0.97,1.64,50,100,1 medium banana
apple_12,47,15.85,0.9,0.92,3.0,42,130,1 medium apple
chicken_curry_12,242,6.36,21.11,14.16,1.84,22,200,1 bowl (200g)
egg_12,79,0.6,6.05,5.57,0.52,3,50,1 boiled egg
idli_13,38,7.95,0.53,0.93,1.27,65,30,1 piece (~30g)
dosa_13,128,17.08,3.05,4.34,0.41,76,60,1 medium dosa
roti_13,71,14.85,3.19,0.5,1.72,66,30,1 roti (~30g)
rice_13,127,27.62,3.09,0.87,0.36,72,100,1 katori (100g cooked)
dal_13,119,16.72,6.63,2.36,3.49,38,150,1 katori (150ml)
paneer_13,268,1.9,18.27,20.56,0.45,12,100,100g
banana_13,93,24.33,1.71,0.0,2.2,53,100,1 medium banana
apple_13,60,14.61,-0.62,-0.77,2.7,39,130,1 medium apple
chicken_curry_13,241,8.78,22.23,13.65,0.17,15,200,1 bowl (200g)
egg_13,70,0.15,6.19,5.3,0.0,5,50,1 boiled egg
idli_14,40,6.53,2.49,-0.45,0.0,74,30,1 piece (~30g)
dosa_14,128,18.54,3.07,3.68,0.98,81,60,1 medium dosa
roti_14,70,13.7,2.77,1.12,0.87,62,30,1 roti (~30g)
rice_14,133,27.75,2.09,-0.25,1.09,74,100,1 katori (100g cooked)
dal_14,126,15.68,6.67,3.79,3.11,38,150,1 katori (150ml)
paneer_14,271,2.18,17.36,20.04,0.0,5,100,100g
banana_14,87,22.77,0.48,-0.51,1.8,49,100,1 medium banana
apple_14,47,14.88,-0.33,-0.46,3.21,38,130,1 medium apple
chicken_curry_14,244,6.86,21.55,13.53,0.06,22,200,1 bowl (200g)
egg_14,78,2.41,6.02,5.45,0.0,5,50,1 boiled egg
idli_15,38,6.1,2.37,-0.01,0.86,72,30,1 piece (~30g)
dosa_15,112,19.71,3.19,4.72,0.05,73,60,1 medium dosa
roti_15,80,13.43,1.51,-0.01,0.9,66,30,1 roti (~30g)
rice_15,131,27.71,1.8,0.65,0.0,75,100,1 katori (100g cooked)
dal_15,119,16.51,7.81,2.97,3.34,40,150,1 katori (150ml)
paneer_15,259,2.31,17.89,19.32,0.0,10,100,100g
banana_15,86,21.35,1.9,0.82,3.15,54,100,1 medium banana
apple_15,51,13.01,-0.37,1.13,1.96,38,130,1 medium apple
chicken_curry_15,248,8.65,21.08,13.77,0.05,16,200,1 bowl (200g)
egg_15,72,1.87,6.74,5.57,0.24,0,50,1 boiled egg
idli_16,46,8.51,1.46,-0.14,0.39,65,30,1 piece (~30g)
dosa_16,130,19.99,3.53,4.09,1.31,81,60,1 medium dosa
roti_16,72,14.04,1.83,0.96,1.11,63,30,1 roti (~30g)
rice_16,123,27.58,3.15,1.12,0.01,69,100,1 katori (100g cooked)
dal_16,124,16.52,6.62,2.52,3.21,41,150,1 katori (150ml)
paneer_16,264,4.24,17.33,19.82,0.45,5,100,100g
banana_16,81,22.16,1.44,-0.54,3.13,47,100,1 medium banana
apple_16,57,14.68,0.92,0.3,2.41,36,130,1 medium apple
chicken_curry_16,236,8.51,22.53,14.88,0.08,20,200,1 bowl (200g)
egg_16,79,-0.11,6.11,5.79,0.0,0,50,1 boiled egg
idli_17,43,8.47,2.39,-0.7,1.14,71,30,1 piece (~30g)
dosa_17,117,19.46,2.55,3.62,0.51,72,60,1 medium dosa
roti_17,78,16.39,2.27,1.32,0.61,62,30,1 roti (~30g)
rice_17,140,27.81,2.61,0.38,0.68,69,100,1 katori (100g cooked)
dal_17,120,16.84,7.88,3.19,3.48,37,150,1 katori (150ml)
paneer_17,265,3.82,17.87,20.06,0.19,12,100,100g
banana_17,92,23.73,1.54,0.2,2.01,49,100,1 medium banana
apple_17,45,14.46,-0.62,0.7,2.46,41,130,1 medium apple
chicken_curry_17,239,9.9,21.46,13.5,0.19,22,200,1 bowl (200g)
egg_17,70,2.21,6.75,4.26,0.0,3,50,1 boiled egg
idli_18,37,9.38,2.42,0.54,0.0,66,30,1 piece (~30g)
dosa_18,124,18.04,2.44,4.81,0.68,77,60,1 medium dosa
roti_18,64,16.94,1.85,1.06,2.04,58,30,1 roti (~30g)
rice_18,120,26.1,1.86,0.87,0.0,73,100,1 katori (100g cooked)
dal_18,121,16.72,7.05,3.2,2.36,45,150,1 katori (150ml)
paneer_18,273,1.82,18.8,19.35,0.61,15,100,100g
banana_18,89,24.43,1.67,-0.39,1.91,54,100,1 medium banana
apple_18,47,14.18,1.14,0.07,2.62,41,130,1 medium apple
chicken_curry_18,233,8.7,21.29,13.05,1.97,21,200,1 bowl (200g)
egg_18,88,0.33,6.14,4.95,0.19,0,50,1 boiled egg
idli_19,41,7.3,0.61,0.4,0.0,71,30,1 piece (~30g)
dosa_19,130,17.97,3.89,3.44,1.38,79,60,1 medium dosa
roti_19,61,13.09,1.9,-0.34,0.51,59,30,1 roti (~30g)
rice_19,122,28.03,2.99,-0.42,0.0,72,100,1 katori (100g cooked)
dal_19,117,15.51,6.1,2.56,3.86,41,150,1 katori (150ml)
paneer_19,275,1.26,18.19,20.6,0.0,5,100,100g
banana_19,89,21.25,0.1,-0.33,3.48,48,100,1 medium banana
apple_19,45,15.0,1.23,-0.46,1.58,43,130,1 medium apple
chicken_curry_19,235,7.85,22.07,13.6,1.2,19,200,1 bowl (200g)
egg_19,81,2.23,5.0,4.06,0.0,5,50,1 boiled egg
idli_20,45,6.46,0.98,-0.61,0.0,73,30,1 piece (~30g)
dosa_20,119,19.77,2.1,4.68,0.0,75,60,1 medium dosa
roti_20,70,14.84,2.28,0.86,1.17,58,30,1 roti (~30g)
rice_20,135,26.05,3.05,1.22,0.0,73,100,1 katori (100g cooked)
dal_20,110,14.59,6.04,3.36,3.49,43,150,1 katori (150ml)
paneer_20,255,3.45,18.63,19.44,0.59,8,100,100g
banana_20,80,24.38,0.82,-0.02,2.78,47,100,1 medium banana
apple_20,58,13.81,1.08,1.19,1.89,37,130,1 medium apple
chicken_curry_20,241,7.95,22.07,13.91,0.74,15,200,1 bowl (200g)
egg_20,88,0.22,5.76,5.09,0.0,0,50,1 boiled egg
idli_21,49,8.56,2.31,-0.38,0.48,69,30,1 piece (~30g)
dosa_21,129,16.86,2.64,3.89,0.24,77,60,1 medium dosa
roti_21,80,13.13,3.13,-0.18,0.85,63,30,1 roti (~30g)
rice_21,137,29.22,1.85,0.86,0.74,72,100,1 katori (100g cooked)
dal_21,126,14.52,7.76,2.73,3.36,43,150,1 katori (150ml)
paneer_21,269,4.67,18.99,19.78,0.0,6,100,100g
banana_21,82,24.99,1.12,1.0,2.04,48,100,1 medium banana
apple_21,55,13.96,-0.22,0.17,2.04,38,130,1 medium apple
chicken_curry_21,248,7.19,21.41,13.34,1.14,16,200,1 bowl (200g)
egg_21,78,-0.87,5.78,5.57,0.0,0,50,1 boiled egg
idli_22,43,6.65,2.48,0.95,0.27,65,30,1 piece (~30g)
dosa_22,112,19.58,3.71,3.4,1.18,78,60,1 medium dosa
roti_22,69,16.89,2.68,-0.02,1.11,62,30,1 roti (~30g)
rice_22,135,27.56,3.12,0.22,0.0,70,100,1 katori (100g cooked)
dal_22,118,16.31,6.37,3.85,2.48,37,150,1 katori (150ml)
paneer_22,261,4.92,17.32,20.89,0.51,12,100,100g
banana_22,90,24.34,1.57,0.5,3.08,53,100,1 medium banana
apple_22,51,14.92,-0.54,0.9,3.37,36,130,1 medium apple
chicken_curry_22,236,6.91,21.97,15.0,1.33,21,200,1 bowl (200g)
egg_22,68,0.49,5.53,4.62,0.0,0,50,1 boiled egg
idli_23,34,7.23,2.25,-0.41,0.0,71,30,1 piece (~30g)
dosa_23,127,16.08,2.79,4.87,1.07,80,60,1 medium dosa
roti_23,77,13.81,3.48,0.52,0.41,61,30,1 roti (~30g)
rice_23,139,28.56,2.14,0.41,0.98,76,100,1 katori (100g cooked)
dal_23,119,14.32,7.77,3.74,3.36,40,150,1 katori (150ml)
paneer_23,273,4.05,17.84,19.23,0.0,5,100,100g
banana_23,89,22.43,1.33,0.02,1.86,54,100,1 medium banana
apple_23,42,12.69,0.67,0.13,2.04,40,130,1 medium apple
chicken_curry_23,239,7.72,22.24,14.87,1.29,18,200,1 bowl (200g)
egg_23,83,0.79,6.13,5.52,0.89,1,50,1 boiled egg
idli_24,29,7.22,1.08,0.64,0.86,64,30,1 piece (~30g)
dosa_24,117,16.46,2.24,4.58,0.0,72,60,1 medium dosa
roti_24,65,16.42,2.77,0.93,1.55,57,30,1 roti (~30g)
rice_24,123,26.64,3.38,-0.55,0.94,71,100,1 katori (100g cooked)
dal_24,129,14.0,7.93,2.65,3.66,42,150,1 katori (150ml)
paneer_24,257,3.19,18.17,19.57,0.0,13,100,100g
banana_24,97,24.31,1.64,0.83,2.36,56,100,1 medium banana
apple_24,54,15.73,0.41,0.71,2.32,44,130,1 medium apple
chicken_curry_24,248,7.66,22.78,14.28,1.24,16,200,1 bowl (200g)
egg_24,81,2.54,6.42,4.22,0.71,5,50,1 boiled egg
idli_25,31,9.9,1.32,0.11,0.0,71,30,1 piece (~30g)
dosa_25,116,18.55,2.85,3.0,0.0,79,60,1 medium dosa
roti_25,69,14.74,2.47,-0.16,0.39,59,30,1 roti (~30g)
rice_25,122,27.73,3.0,1.04,0.0,76,100,1 katori (100g cooked)
dal_25,123,15.56,7.64,3.9,3.24,44,150,1 katori (150ml)
paneer_25,269,2.4,17.66,20.89,0.31,15,100,100g
banana_25,94,22.36,1.7,0.24,2.67,53,100,1 medium banana
apple_25,45,12.25,-0.38,0.61,2.02,38,130,1 medium apple
chicken_curry_25,240,9.98,21.11,14.27,0.31,24,200,1 bowl (200g)
egg_25,87,1.84,5.52,4.61,0.97,0,50,1 boiled egg
idli_26,45,9.16,1.44,0.71,0.47,65,30,1 piece (~30g)
dosa_26,121,19.96,3.71,3.67,0.0,78,60,1 medium dosa
roti_26,79,15.18,3.44,0.51,0.67,67,30,1 roti (~30g)
rice_26,127,29.35,2.32,-0.07,0.51,76,100,1 katori (100g cooked)
dal_26,112,15.68,6.79,2.51,2.1,41,150,1 katori (150ml)
paneer_26,256,1.74,17.93,20.48,0.0,6,100,100g
banana_26,79,24.62,1.06,0.61,2.96,56,100,1 medium banana
apple_26,44,15.74,0.3,0.85,2.86,39,130,1 medium apple
chicken_curry_26,240,9.22,22.63,13.54,1.06,17,200,1 bowl (200g)
egg_26,69,2.16,5.22,4.51,0.0,4,50,1 boiled egg
idli_27,46,9.73,1.69,-0.04,0.45,74,30,1 piece (~30g)
dosa_27,127,18.96,3.64,3.52,1.42,80,60,1 medium dosa
roti_27,69,16.48,2.68,0.68,1.29,62,30,1 roti (~30g)
rice_27,130,26.02,2.26,0.67,0.0,74,100,1 katori (100g cooked)
dal_27,120,17.58,6.31,2.66,2.12,44,150,1 katori (150ml)
paneer_27,266,4.97,18.32,20.33,0.0,8,100,100g
banana_27,92,21.94,0.13,0.12,1.79,49,100,1 medium banana
apple_27,61,13.1,1.29,-0.33,3.18,43,130,1 medium apple
chicken_curry_27,238,7.38,21.45,13.53,1.91,17,200,1 bowl (200g)
egg_27,76,0.27,6.65,4.41,0.0,0,50,1 boiled egg
idli_28,43,6.52,1.42,0.24,0.24,68,30,1 piece (~30g)
dosa_28,110,19.52,3.43,3.33,0.0,76,60,1 medium dosa
roti_28,75,14.5,1.69,1.06,2.07,64,30,1 roti (~30g)
rice_28,135,27.27,2.46,0.98,0.65,76,100,1 katori (100g cooked)
dal_28,124,15.31,7.58,2.66,3.59,45,150,1 katori (150ml)
paneer_28,271,3.36,18.16,19.33,0.63,14,100,100g
banana_28,79,24.54,0.66,0.96,3.28,47,100,1 medium banana
apple_28,55,13.45,0.72,1.03,1.5,37,130,1 medium apple
chicken_curry_28,249,7.94,21.27,13.23,0.62,24,200,1 bowl (200g)
egg_28,86,-1.01,5.07,4.2,0.0,3,50,1 boiled egg
idli_29,42,6.44,1.8,0.88,0.0,70,30,1 piece (~30g)
dosa_29,111,17.96,3.22,3.45,1.34,82,60,1 medium dosa
roti_29,79,14.8,2.58,-0.19,2.19,59,30,1 roti (~30g)
rice_29,126,27.01,1.56,-0.22,0.27,69,100,1 katori (100g cooked)
dal_29,122,14.85,6.83,3.66,2.44,46,150,1 katori (150ml)
paneer_29,263,1.78,18.16,19.4,0.14,13,100,100g
banana_29,87,23.15,0.94,-0.04,3.54,53,100,1 medium banana
apple_29,48,13.96,-0.35,-0.53,2.57,34,130,1 medium apple
chicken_curry_29,248,9.23,22.22,13.09,0.09,19,200,1 bowl (200g)
egg_29,88,1.05,5.51,4.48,0.0,0,50,1 boiled egg
idli_30,44,9.26,1.83,0.05,0.67,73,30,1 piece (~30g)
dosa_30,113,16.05,3.68,3.8,0.0,81,60,1 medium dosa
roti_30,70,16.3,1.53,1.28,0.86,66,30,1 roti (~30g)
rice_30,126,29.68,2.43,-0.2,0.4,72,100,1 katori (100g cooked)
dal_30,115,16.93,6.13,3.92,2.08,38,150,1 katori (150ml)
paneer_30,256,2.69,17.12,20.91,0.0,7,100,100g
banana_30,98,22.44,1.98,0.45,3.05,49,100,1 medium banana
apple_30,44,12.29,0.86,-0.4,1.68,34,130,1 medium apple
chicken_curry_30,250,6.2,22.26,13.04,0.72,25,200,1 bowl (200g)
egg_30,81,-1.36,5.01,5.97,0.04,0,50,1 boiled egg
idli_31,31,7.92,1.6,-0.24,0.0,73,30,1 piece (~30g)
dosa_31,128,17.75,2.49,4.81,0.0,74,60,1 medium dosa
roti_31,67,15.72,2.6,-0.58,2.14,61,30,1 roti (~30g)
rice_31,129,28.58,2.29,1.3,1.39,68,100,1 katori (100g cooked)
dal_31,110,14.88,6.52,2.82,3.69,42,150,1 katori (150ml)
paneer_31,271,2.77,17.74,19.76,0.14,13,100,100g
banana_31,96,22.76,1.53,0.76,2.35,56,100,1 medium banana
apple_31,60,13.37,-0.49,-0.42,3.38,40,130,1 medium apple
chicken_curry_31,233,6.15,21.01,14.48,0.62,20,200,1 bowl (200g)
egg_31,88,-0.34,6.09,5.23,0.0,0,50,1 boiled egg
idli_32,33,9.96,1.65,0.44,0.0,74,30,1 piece (~30g)
dosa_32,119,16.2,3.88,3.76,0.49,81,60,1 medium dosa
roti_32,67,16.21,2.44,0.25,2.0,61,30,1 roti (~30g)
rice_32,134,26.1,3.06,1.08,0.02,74,100,1 katori (100g cooked)
dal_32,118,14.75,7.83,3.89,3.46,43,150,1 katori (150ml)
paneer_32,273,3.97,17.61,19.62,0.65,6,100,100g
banana_32,80,24.72,1.26,0.9,3.09,52,100,1 medium banana
apple_32,45,14.75,0.9,-0.68,1.61,40,130,1 medium apple
chicken_curry_32,235,6.33,21.93,13.64,1.34,16,200,1 bowl (200g)
egg_32,82,-0.04,6.92,5.18,0.0,3,50,1 boiled egg
idli_33,30,9.25,1.59,0.44,0.0,74,30,1 piece (~30g)
dosa_33,111,16.35,3.07,3.35,0.97,72,60,1 medium dosa
roti_33,77,16.55,3.4,1.39,1.38,60,30,1 roti (~30g)
rice_33,130,26.59,2.51,-0.53,0.6,69,100,1 katori (100g cooked)
dal_33,114,17.64,7.34,4.0,2.17,47,150,1 katori (150ml)
paneer_33,255,3.91,18.66,20.29,0.0,5,100,100g
banana_33,83,23.25,1.88,-0.62,2.95,52,100,1 medium banana
apple_33,56,14.5,0.01,-0.53,2.11,37,130,1 medium apple
chicken_curry_33,231,9.89,21.97,14.41,0.19,16,200,1 bowl (200g)
egg_33,70,-1.08,6.39,5.19,0.0,5,50,1 boiled egg
idli_34,43,8.06,2.37,1.1,0.0,70,30,1 piece (~30g)
dosa_34,110,19.83,2.43,3.4,0.0,74,60,1 medium dosa
roti_34,63,14.32,2.83,0.12,1.99,65,30,1 roti (~30g)
rice_34,137,27.3,2.01,-0.0,0.0,70,100,1 katori (100g cooked)
dal_34,110,17.88,6.65,3.49,3.77,44,150,1 katori (150ml)
paneer_34,272,4.54,17.43,19.79,0.93,10,100,100g
banana_34,90,24.75,0.68,0.4,2.79,48,100,1 medium banana
apple_34,46,15.14,-0.09,0.53,2.06,34,130,1 medium apple
chicken_curry_34,250,6.27,21.51,14.19,1.77,18,200,1 bowl (200g)
egg_34,79,-0.97,5.53,4.81,0.16,4,50,1 boiled egg
idli_35,48,7.79,1.37,0.03,0.0,70,30,1 piece (~30g)
dosa_35,130,16.47,2.53,4.16,1.41,77,60,1 medium dosa
roti_35,77,14.28,2.25,1.1,0.61,65,30,1 roti (~30g)
rice_35,136,28.96,3.02,-0.47,1.24,76,100,1 katori (100g cooked)
dal_35,127,16.42,6.85,3.68,3.17,45,150,1 katori (150ml)
paneer_35,263,2.81,18.85,20.56,0.0,8,100,100g
banana_35,85,21.73,0.11,0.83,3.13,55,100,1 medium banana
apple_35,56,13.0,1.1,1.04,3.29,43,130,1 medium apple
chicken_curry_35,238,9.23,22.95,14.89,1.31,24,200,1 bowl (200g)
egg_35,79,0.22,6.68,5.44,0.28,5,50,1 boiled egg
idli_36,32,8.95,0.65,-0.11,0.0,64,30,1 piece (~30g)
dosa_36,120,17.74,2.57,3.15,0.0,73,60,1 medium dosa
roti_36,73,16.93,2.05,1.12,0.83,61,30,1 roti (~30g)
rice_36,124,28.93,2.98,-0.47,0.0,75,100,1 katori (100g cooked)
dal_36,125,15.58,6.77,3.48,3.64,39,150,1 katori (150ml)
paneer_36,266,3.22,18.02,19.41,0.0,11,100,100g
banana_36,85,22.43,0.29,0.48,2.34,51,100,1 medium banana
apple_36,48,14.13,0.49,-0.06,2.31,39,130,1 medium apple
chicken_curry_36,235,7.08,21.4,13.21,0.55,19,200,1 bowl (200g)
egg_36,83,1.8,6.73,5.8,0.0,0,50,1 boiled egg
idli_37,33,7.34,1.35,0.0,0.06,73,30,1 piece (~30g)
dosa_37,123,18.05,3.21,4.87,0.0,74,60,1 medium dosa
roti_37,71,15.85,2.03,1.27,0.94,57,30,1 roti (~30g)
rice_37,122,29.13,2.73,1.05,0.09,78,100,1 katori (100g cooked)
dal_37,121,17.6,7.19,2.38,2.74,38,150,1 katori (150ml)
paneer_37,266,3.57,17.45,20.7,0.0,7,100,100g
banana_37,84,22.75,0.11,0.94,3.4,55,100,1 medium banana
apple_37,55,13.97,0.73,0.1,3.27,44,130,1 medium apple
chicken_curry_37,245,6.45,22.97,14.1,0.05,16,200,1 bowl (200g)
egg_37,86,0.2,6.44,4.6,0.08,0,50,1 boiled egg
idli_38,40,9.27,0.93,1.06,1.0,69,30,1 piece (~30g)
dosa_38,114,19.84,2.85,3.64,0.72,72,60,1 medium dosa
roti_38,79,14.92,3.0,0.1,1.98,60,30,1 roti (~30g)
rice_38,140,28.03,2.45,0.9,0.63,69,100,1 katori (100g cooked)
dal_38,121,16.38,7.74,2.97,3.22,44,150,1 katori (150ml)
paneer_38,263,2.82,17.82,19.31,0.63,12,100,100g
banana_38,92,22.15,0.16,0.0,3.02,48,100,1 medium banana
apple_38,45,15.78,1.22,-0.33,2.63,44,130,1 medium apple
chicken_curry_38,236,8.81,22.36,14.08,0.04,15,200,1 bowl (200g)
egg_38,71,0.9,5.61,5.8,0.0,1,50,1 boiled egg
idli_39,37,6.83,1.66,0.06,0.35,68,30,1 piece (~30g)
dosa_39,112,18.39,2.59,3.69,0.0,76,60,1 medium dosa
roti_39,80,16.4,3.2,0.12,0.7,65,30,1 roti (~30g)
rice_39,140,27.6,3.24,0.5,0.19,74,100,1 katori (100g cooked)
dal_39,115,16.76,7.0,3.41,2.91,46,150,1 katori (150ml)
paneer_39,255,3.18,17.91,20.41,0.44,6,100,100g
banana_39,84,22.94,0.78,-0.34,3.45,52,100,1 medium banana
apple_39,48,15.22,1.09,1.12,1.86,35,130,1 medium apple
chicken_curry_39,250,6.79,22.24,13.94,1.5,20,200,1 bowl (200g)
egg_39,71,-0.01,6.07,5.73,0.4,0,50,1 boiled egg
idli_40,33,7.68,0.68,-0.51,0.0,73,30,1 piece (~30g)
dosa_40,122,18.71,2.72,3.36,0.24,77,60,1 medium dosa
roti_40,67,15.13,2.64,1.11,2.2,62,30,1 roti (~30g)
rice_40,124,26.07,2.95,-0.16,0.71,73,100,1 katori (100g cooked)
dal_40,123,14.34,6.9,3.79,2.57,37,150,1 katori (150ml)
paneer_40,264,3.77,17.23,19.76,0.22,7,100,100g
banana_40,85,23.52,1.26,-0.22,3.18,50,100,1 medium banana
apple_40,51,12.32,0.39,0.14,2.12,37,130,1 medium apple
chicken_curry_40,238,9.37,21.06,13.84,0.35,24,200,1 bowl (200g)
egg_40,73,1.34,5.8,4.53,0.2,0,50,1 boiled egg
idli_41,40,7.2,0.61,0.06,1.12,65,30,1 piece (~30g)
dosa_41,129,16.98,3.65,3.73,1.09,74,60,1 medium dosa
roti_41,70,13.13,2.48,0.43,1.54,67,30,1 roti (~30g)
rice_41,134,28.67,2.83,0.51,1.15,68,100,1 katori (100g cooked)
dal_41,120,17.94,7.85,2.63,2.12,37,150,1 katori (150ml)
paneer_41,259,3.55,17.47,20.28,0.46,15,100,100g
banana_41,79,24.78,1.04,-0.24,1.77,47,100,1 medium banana
apple_41,44,14.02,0.16,0.09,2.4,35,130,1 medium apple
chicken_curry_41,234,9.39,22.85,13.95,0.13,24,200,1 bowl (200g)
egg_41,77,-0.66,5.54,5.1,0.88,3,50,1 boiled egg
idli_42,31,9.66,0.79,0.54,0.0,72,30,1 piece (~30g)
dosa_42,111,17.15,2.91,3.23,0.0,81,60,1 medium dosa
roti_42,77,13.56,1.79,1.39,0.44,58,30,1 roti (~30g)
rice_42,123,27.39,3.42,1.07,0.52,69,100,1 katori (100g cooked)
dal_42,122,15.51,7.91,3.64,2.02,47,150,1 katori (150ml)
paneer_42,256,2.68,18.29,20.77,0.45,11,100,100g
banana_42,91,22.17,0.5,-0.16,3.1,51,100,1 medium banana
apple_42,53,12.76,1.11,-0.73,1.87,42,130,1 medium apple
chicken_curry_42,248,9.12,22.06,13.43,1.13,25,200,1 bowl (200g)
egg_42,84,1.8,6.67,5.29,0.96,1,50,1 boiled egg
idli_43,47,7.34,1.05,0.65,0.35,71,30,1 piece (~30g)
dosa_43,130,19.74,3.94,3.8,0.49,77,60,1 medium dosa
roti_43,63,13.65,3.39,1.17,0.33,58,30,1 roti (~30g)
rice_43,130,27.41,3.02,0.39,0.16,77,100,1 katori (100g cooked)
dal_43,114,17.93,6.91,3.5,3.78,44,150,1 katori (150ml)
paneer_43,272,1.72,18.31,19.36,0.83,9,100,100g
banana_43,84,22.45,1.71,-0.49,2.33,52,100,1 medium banana
apple_43,46,15.74,0.79,-0.21,1.48,44,130,1 medium apple
chicken_curry_43,241,7.26,21.92,14.91,1.63,24,200,1 bowl (200g)
egg_43,70,-1.12,6.16,4.02,0.0,2,50,1 boiled egg
idli_44,39,9.83,1.12,1.14,0.6,64,30,1 piece (~30g)
dosa_44,116,19.28,3.09,4.47,0.51,77,60,1 medium dosa
roti_44,63,16.3,2.91,-0.21,1.0,64,30,1 roti (~30g)
rice_44,135,28.19,2.81,0.68,0.32,70,100,1 katori (100g cooked)
dal_44,118,16.01,6.01,2.54,2.97,44,150,1 katori (150ml)
paneer_44,274,4.38,17.76,20.71,0.0,7,100,100g
banana_44,94,22.51,0.57,0.41,3.47,51,100,1 medium banana
apple_44,58,15.42,0.35,0.17,2.18,35,130,1 medium apple
chicken_curry_44,239,8.47,22.84,13.17,0.67,17,200,1 bowl (200g)
egg_44,77,2.33,6.64,5.88,0.36,2,50,1 boiled egg
idli_45,32,8.86,0.88,-0.66,0.43,69,30,1 piece (~30g)
dosa_45,116,19.17,2.69,4.73,1.23,77,60,1 medium dosa
roti_45,63,15.77,2.48,0.83,0.57,63,30,1 roti (~30g)
rice_45,140,29.32,1.95,0.44,0.25,69,100,1 katori (100g cooked)
dal_45,114,15.22,7.38,2.78,2.27,47,150,1 katori (150ml)
paneer_45,271,4.93,18.3,20.78,0.57,10,100,100g
banana_45,86,23.88,1.48,1.05,2.53,50,100,1 medium banana
apple_45,54,14.71,0.59,-0.21,1.41,44,130,1 medium apple
chicken_curry_45,230,8.43,22.18,13.74,0.7,25,200,1 bowl (200g)
egg_45,87,1.69,6.47,4.64,0.68,0,50,1 boiled egg
idli_46,39,7.84,1.85,0.59,1.0,67,30,1 piece (~30g)
dosa_46,112,17.36,2.51,3.27,0.85,81,60,1 medium dosa
roti_46,62,16.51,2.46,-0.4,0.49,57,30,1 roti (~30g)
rice_46,121,26.86,1.65,0.52,0.48,68,100,1 katori (100g cooked)
dal_46,113,15.59,7.85,2.38,2.15,38,150,1 katori (150ml)
paneer_46,268,2.11,18.21,19.15,0.98,13,100,100g
banana_46,85,21.84,1.34,1.01,3.2,48,100,1 medium banana
apple_46,44,14.29,-0.44,-0.14,3.19,37,130,1 medium apple
chicken_curry_46,245,7.2,22.52,14.48,1.5,20,200,1 bowl (200g)
egg_46,70,-1.17,6.31,4.16,0.0,0,50,1 boiled egg
idli_47,31,7.19,0.8,-0.09,0.05,66,30,1 piece (~30g)
dosa_47,118,18.82,3.17,3.42,0.0,78,60,1 medium dosa
roti_47,69,16.87,2.47,-0.52,1.57,62,30,1 roti (~30g)
rice_47,127,27.45,1.68,0.76,0.0,69,100,1 katori (100g cooked)
dal_47,125,15.59,6.21,2.52,2.39,46,150,1 katori (150ml)
paneer_47,262,2.53,17.23,19.08,0.0,7,100,100g
banana_47,83,23.53,1.75,0.47,1.71,52,100,1 medium banana
apple_47,49,15.03,-0.52,0.79,2.45,41,130,1 medium apple
chicken_curry_47,249,7.83,21.62,13.15,0.46,19,200,1 bowl (200g)
egg_47,79,0.87,5.61,4.22,0.0,3,50,1 boiled egg
idli_48,30,7.51,2.45,0.42,0.1,72,30,1 piece (~30g)
dosa_48,120,16.28,2.01,4.52,0.0,72,60,1 medium dosa
roti_48,76,14.58,3.14,-0.28,1.63,61,30,1 roti (~30g)
rice_48,134,28.59,1.61,-0.66,0.88,77,100,1 katori (100g cooked)
dal_48,110,14.27,7.3,2.93,3.88,40,150,1 katori (150ml)
paneer_48,255,4.24,17.64,19.65,0.0,14,100,100g
banana_48,80,22.17,0.97,1.24,1.75,55,100,1 medium banana
apple_48,47,13.88,-0.07,-0.1,2.37,34,130,1 medium apple
chicken_curry_48,250,8.79,22.46,13.18,1.68,23,200,1 bowl (200g)
egg_48,74,2.2,5.11,4.56,0.0,2,50,1 boiled egg
idli_49,48,6.4,1.15,-0.18,0.74,73,30,1 piece (~30g)
dosa_49,130,17.95,3.45,4.33,0.31,80,60,1 medium dosa
roti_49,80,13.5,3.27,-0.54,0.71,62,30,1 roti (~30g)
rice_49,139,28.54,1.77,0.45,1.21,77,100,1 katori (100g cooked)
dal_49,126,14.62,7.3,3.72,3.36,41,150,1 katori (150ml)
paneer_49,259,3.14,18.85,20.46,0.0,14,100,100g
banana_49,90,22.79,0.47,-0.43,2.3,56,100,1 medium banana
apple_49,59,12.34,0.54,0.97,3.14,44,130,1 medium apple
chicken_curry_49,230,7.19,21.57,14.43,0.83,24,200,1 bowl (200g)
egg_49,82,1.23,5.31,5.87,0.0,0,50,1 boiled egg
idli_50,41,8.62,2.33,0.23,1.2,69,30,1 piece (~30g)
dosa_50,119,16.69,2.62,4.78,1.33,79,60,1 medium dosa
roti_50,76,15.51,2.15,-0.07,0.59,66,30,1 roti (~30g)
rice_50,128,26.89,3.08,-0.14,0.0,74,100,1 katori (100g cooked)
dal_50,111,15.41,6.95,3.42,3.5,44,150,1 katori (150ml)
paneer_50,257,3.5,18.83,20.28,0.9,11,100,100g
banana_50,91,22.6,0.16,0.6,2.05,47,100,1 medium banana
apple_50,54,13.98,1.05,-0.75,2.96,40,130,1 medium apple
chicken_curry_50,237,9.14,21.88,13.17,0.45,18,200,1 bowl (200g)
egg_50,82,-0.89,5.62,4.14,0.3,1,50,1 boiled egg
idli_51,43,9.41,2.3,1.07,0.0,74,30,1 piece (~30g)
dosa_51,114,16.06,3.59,3.94,1.15,80,60,1 medium dosa
roti_51,70,13.49,1.53,0.03,0.76,61,30,1 roti (~30g)
rice_51,140,29.39,2.12,0.67,0.0,70,100,1 katori (100g cooked)
dal_51,127,16.75,6.94,2.21,3.51,43,150,1 katori (150ml)
paneer_51,274,2.48,17.64,19.3,0.57,10,100,100g
banana_51,81,23.07,1.19,-0.33,2.51,48,100,1 medium banana
apple_51,44,15.03,0.4,0.59,1.91,39,130,1 medium apple
chicken_curry_51,249,9.08,22.54,15.0,0.25,22,200,1 bowl (200g)
egg_51,88,-0.56,5.91,5.87,0.61,0,50,1 boiled egg
idli_52,42,9.72,2.18,-0.51,0.0,66,30,1 piece (~30g)
dosa_52,117,16.46,2.66,3.82,0.49,72,60,1 medium dosa
roti_52,78,16.19,2.62,0.8,1.16,62,30,1 roti (~30g)
rice_52,120,29.75,3.0,1.27,1.18,77,100,1 katori (100g cooked)
dal_52,121,15.04,7.79,2.63,3.77,44,150,1 katori (150ml)
paneer_52,262,2.53,17.1,20.72,0.37,14,100,100g
banana_52,82,23.14,1.08,0.35,2.21,53,100,1 medium banana
apple_52,55,12.32,-0.54,-0.74,1.61,36,130,1 medium apple
chicken_curry_52,232,8.36,22.55,14.83,1.91,21,200,1 bowl (200g)
egg_52,68,-1.19,6.36,4.03,0.2,0,50,1 boiled egg
idli_53,29,6.24,1.54,-0.46,0.0,66,30,1 piece (~30g)
dosa_53,119,19.85,2.73,4.62,0.0,73,60,1 medium dosa
roti_53,73,13.86,3.4,1.16,0.43,58,30,1 roti (~30g)
rice_53,133,28.13,2.71,0.34,0.97,70,100,1 katori (100g cooked)
dal_53,128,16.58,7.05,3.0,3.77,44,150,1 katori (150ml)
paneer_53,273,3.07,18.38,19.35,0.01,13,100,100g
banana_53,94,23.83,1.93,0.3,2.89,56,100,1 medium banana
apple_53,43,14.85,-0.64,1.07,2.1,41,130,1 medium apple
chicken_curry_53,237,8.41,22.77,14.96,0.87,19,200,1 bowl (200g)
egg_53,71,0.45,6.08,5.48,0.32,0,50,1 boiled egg
idli_54,39,7.11,1.15,-0.64,0.14,73,30,1 piece (~30g)
dosa_54,114,16.9,3.43,3.41,1.47,75,60,1 medium dosa
roti_54,78,13.21,1.62,-0.34,1.81,57,30,1 roti (~30g)
rice_54,124,26.37,2.23,-0.63,0.0,72,100,1 katori (100g cooked)
dal_54,127,14.54,6.18,2.76,3.13,47,150,1 katori (150ml)
paneer_54,274,2.46,18.18,19.94,0.0,9,100,100g
banana_54,94,24.25,0.51,-0.61,3.12,55,100,1 medium banana
apple_54,42,13.68,1.19,-0.08,2.85,37,130,1 medium apple
chicken_curry_54,230,7.53,22.39,14.72,0.81,19,200,1 bowl (200g)
egg_54,77,2.02,5.98,4.63,0.0,1,50,1 boiled egg
idli_55,38,8.79,1.66,0.11,0.48,66,30,1 piece (~30g)
dosa_55,111,18.46,2.44,3.08,0.38,77,60,1 medium dosa
roti_55,66,15.96,1.78,-0.29,0.73,67,30,1 roti (~30g)
rice_55,121,26.62,1.63,0.92,1.27,71,100,1 katori (100g cooked)
dal_55,113,15.55,7.94,3.21,3.05,38,150,1 katori (150ml)
paneer_55,274,1.41,17.08,20.42,0.98,10,100,100g
banana_55,83,22.77,0.81,-0.35,2.68,46,100,1 medium banana
apple_55,45,12.44,0.58,0.93,1.84,37,130,1 medium apple
chicken_curry_55,248,9.05,22.24,14.56,1.78,23,200,1 bowl (200g)
egg_55,84,1.54,6.26,4.16,0.0,1,50,1 boiled egg
